temperature_celsius,rainfall_mm,sunlight_hours,soil_ph,soil_moisture,nitrogen_kg_ha,phosphorus_kg_ha,potassium_kg_ha,yield_kg_per_hectare
30.32080520867425,140.2200444093533,4.5816234791188615,6.855345350702969,0.46826481053071206,74.75480344388345,73.20772406028053,68.56398963564712,6404.265165024235
18.32977512351263,154.3787911382657,4.9702466598676915,5.593284169722797,0.3010219642368851,99.07706224047641,78.97601044930803,32.52932770471253,6300.281878595574
17.804186277063856,53.33968257454933,8.240520013680044,5.531516015130244,0.3695854284300496,82.13181774531579,62.09363395554273,65.62434679377182,5469.407606692565
25.956821459999105,202.42882389887802,5.928524626611774,7.185369102939717,0.5299944066802106,67.62554402881149,37.0452755123588,65.75041238867568,5943.4613156103305
16.679189624074482,158.02807465571044,6.158446955561924,6.796109472131407,0.579587052298369,104.358976549789,28.725498755638867,78.33793305799063,5960.760473982366
26.535188008719288,102.40305311681037,5.868014144587689,6.437987426447786,0.2811869667254773,83.35865476467117,63.95000760432298,62.96232059488787,6014.844877620155
30.78860683066634,172.67326299136212,9.047173823759742,6.24224941013446,0.267936441234201,72.14853155682034,32.65660460654651,60.15100123836068,6059.334849936869
32.08887588824383,230.20107829511508,9.08581263576999,6.701805650694726,0.4088668648562104,105.48059546357395,62.59957363709723,82.94799365514177,7160.736228676237
21.434113526097885,100.50369947336424,5.331949845553229,6.730421920106853,0.2867655501365427,108.43454547368864,36.263892498927085,69.55122756862761,5754.65233820374
16.384073847790834,84.18799558620475,8.08092438599478,6.996206363069747,0.48167783610627773,90.1047761499744,74.13890226487672,49.13797757218871,5960.0023210622585
31.91580137096992,71.35941084813845,8.411383223849324,6.339140818605556,0.2745562202741799,40.356495835907495,39.76944588459472,85.29376594215424,5458.136722836363
34.8491306672451,155.36508402165418,8.827878520067665,6.705509497018732,0.5839779841067443,70.8312985057502,59.508859320997416,35.642454650138106,6319.579449829775
17.992954630649635,169.29370083400585,7.321298492953009,6.183714502702694,0.5290521718791925,76.88129313275624,32.637630232403104,78.05288387890315,5888.811459817451
26.7817120013707,135.61555197274504,5.271116815182685,5.552316433946765,0.25786847557314957,83.89345348023707,72.20520716973559,42.99753188981737,6001.250633442096
32.63470157563044,88.1447497975371,9.776527583611875,6.2902892777770205,0.4743172456799357,49.498139746034646,72.60123040108306,44.46656676278836,5923.58503917564
21.134616729767203,84.30882411979943,6.860457686022389,6.159481936039218,0.46411448177744613,97.53792386629348,20.094338082152575,42.54810676665176,5166.448117349017
27.998255786174134,124.34041211842026,4.937609076016354,5.765498896450309,0.4905428362082055,68.27100885358061,20.52022960431479,50.36924241361139,5331.159784021524
15.605296974086102,224.55911748934062,8.163827353936865,6.452798459186781,0.32707747923111125,92.13765783410051,27.314611112258653,74.31814379418118,6278.329777246455
24.4189805774344,201.41665433345625,8.97591410594936,6.918107677145438,0.2265460841256508,85.2980598144988,41.504982603907806,46.22643171335223,6265.179930349727
32.23880805407817,219.3892660671309,6.012406585789506,6.028614815547751,0.5962816093417858,81.69045731736439,57.48279264701609,48.61444953629742,6454.765910929112
27.346111570840748,137.99525605558838,6.293363901872377,6.788817389466439,0.53506103979131,64.9623641510647,72.14976618959022,38.0200606713099,5961.348569064463
28.53090587803115,144.21847998337967,4.9280584496719255,6.5004030943953515,0.5441991792596059,48.25039607567697,24.66870187066941,57.532641189667956,5570.97984651871
23.5128154652295,158.5505483689996,5.565144258238146,6.239767221867449,0.43160417586651606,96.08807971924251,42.23488722524587,61.14197547008547,6070.631547482997
23.249277511867867,115.6717359222285,9.437434482127928,6.216941002381457,0.49321719310615086,77.55071901078708,44.93339846809708,59.563298557820985,6148.182951979274
34.82222952561542,154.52888497007706,8.488709606680217,6.15778709267649,0.292798413791215,57.842567109909176,32.58712152805822,45.33358686664745,5796.3898223115175
17.307636835239958,139.59076332740966,9.4081723486515,7.4778574557866255,0.2396103011548295,103.137881210186,60.64130701735327,55.91479339328285,6338.138738922986
19.578575761972104,244.54823874399102,6.947648981449111,6.345851987270484,0.5263823147513333,73.82582256297681,28.440507416114094,75.45226651751074,6360.740162140396
17.881926319429432,127.29858930050682,4.765218118174779,5.917317806905974,0.5013661865004162,79.11935949490392,48.11336111784433,30.851356460922798,5458.758580050366
33.768847179095005,111.05501943116437,6.0421724999974415,5.576632180152942,0.20740343988391596,100.07345576239479,78.11973422617882,55.334903060784725,6300.385698794383
28.14417056201185,219.37391169530432,6.025319039589345,6.1418822825275,0.43874501661409127,95.39105467739654,35.99541865119208,48.45897884231152,6041.942938855973
24.00034651038561,127.40587747896089,4.628039608885773,5.524561168138882,0.5151243013082438,54.46096029086051,66.73736527391391,85.04756258549733,5725.923051802012
31.59511700140889,96.65643482987022,7.207336064767194,6.318531871706487,0.4421098998649585,50.94968576548094,26.1850164422584,46.06957639911936,5473.058934163117
29.755872672198095,54.71949004524528,7.140127922150196,7.397280597851979,0.5715619601286223,110.28986168867229,35.961389158229565,54.82221910596941,5659.886908210114
23.884889521248223,86.57417979996012,4.564075166261047,7.149238961172869,0.25855399013326463,102.33253554579593,65.10128033044026,87.30846271017799,6247.807966729413
20.04820513339979,80.03359179081437,7.066471486390148,7.492329307287969,0.4657798122486759,47.10069903471443,46.67091234494396,74.34784995430438,5345.949069468238
31.188849716680807,156.17728237596015,7.842564524005178,5.90020828127932,0.37649043774234603,78.3858271346383,28.002229273579765,73.6108132531202,6212.855723939882
33.519968751344614,228.32800754678013,6.282813945065673,5.866851276429408,0.5642600150697623,100.54237421991354,49.73556641062784,52.348635874808835,6629.602777227908
32.19226099386877,203.78645700344248,7.145916872544639,5.72831144371368,0.36149771326821634,112.63346714139581,26.372560774407035,41.453682886662044,6343.773014260812
31.217505081232247,106.031438547456,7.193777115081482,6.913217602060699,0.2844963388392769,72.77973489066969,59.56824857509102,58.79771644365756,6035.88694390427
27.579660568268764,147.97989812195402,7.707680445376907,6.1255752808229715,0.3889476069227972,82.28680288061892,29.122139277621322,45.045100315842355,5802.006732842982
29.638893193933203,114.23720085360725,8.542826753844754,5.798456967120401,0.301467228027147,52.46722914313303,33.356186225557565,48.77720932564638,5538.829610335519
28.032178608278663,95.17781212338434,8.252840980617346,5.743341019986872,0.3017911015082871,90.84196993904452,38.40554827899817,83.4251863314816,5812.528768761465
31.16578277236558,111.70390330292126,9.102920580095159,6.89771563495536,0.5849479769061192,70.29250216039424,57.58993053631018,60.068920349005445,6014.667416609517
31.59134151374567,234.93668253156736,4.332977798916375,6.554937414578185,0.4169721557290482,50.371765428813404,24.37248336022151,87.15761584229887,5983.968982277678
27.929462106826072,185.3354236734004,4.633283127850634,7.366998186802638,0.4766215221266197,59.88764510894583,30.640406020016826,54.140584766475385,5724.484406252855
22.379570096355536,164.96158500605628,9.964381930710719,6.296615295935055,0.29898927467747866,41.10293472517641,76.24116624731198,57.223041303709394,6327.394408099844
27.639391091493366,176.28914393866881,5.293068038892455,7.43700526952078,0.5932435252658976,52.310682212692186,38.01584323338493,75.57009174636934,5801.562731459163
25.973835081819782,100.85014859997257,7.9952455306246355,6.115001321706868,0.5252438823349769,64.32985654621513,51.530965346846685,88.34593496949859,6029.936260846331
26.031506484488503,212.06733634541743,8.7959907589949,6.163736195550723,0.3701536280026587,110.87264273824937,72.95908331278213,53.05702998825481,7057.296925475004
17.59745185851137,194.51781594658507,4.780754626476519,6.753077120421433,0.3395756449950824,69.53273744686683,56.83268901791402,30.169503455933263,5937.015458841933
34.96885395376655,198.8488178866608,9.665472422779398,5.700357332447794,0.5433470660812056,58.34489581155403,44.14381758751384,41.729147057862164,5955.661161877623
24.987260401380595,218.34830732839464,6.700566052503979,6.111369303486971,0.3673317513465443,53.21661881413381,40.064257885027715,69.01029578760875,6330.732352867434
25.582012594152975,138.25530050689156,6.152594055016508,5.795278817678829,0.25432633335911026,118.62107355843894,52.28925863710807,65.63833835795538,6298.141249202587
24.556484789957473,126.08448915868075,7.346479806341376,5.763360560299709,0.5351315366926261,48.60645187108741,29.791182162873074,69.80364154669272,5261.161692087006
26.44173318698259,216.90069156232215,9.627561960097566,6.399119277979152,0.2773429305588677,87.95359950322364,43.323960167672524,71.1445318793798,6709.577562006731
28.001534302889446,52.705552005568414,9.497236326525975,6.656769766663876,0.4121040734344562,114.43268250597276,46.789649773167866,85.78225890698829,6307.805486387315
24.29985618816952,117.89460745117385,4.591139312791148,6.69332684019828,0.3110185865962295,85.95442824365118,31.396085521422606,69.52613162328805,5742.1167720150515
21.00776314470805,96.78493647490535,5.3932455833239406,6.754332884985799,0.4740476647237657,64.6969205231822,61.08278706606741,34.75770056979015,5314.139024617662
27.433118578385034,212.5712969509284,5.010492899273212,6.541664354008853,0.5156600279488845,108.15808436382636,40.9163002177076,39.206045052490055,6372.3805588595305
21.547879764598406,85.64721076820436,7.92591952171691,6.413554562218484,0.5833494404605826,68.76656977752725,27.223353044401392,34.07480812046261,5336.222969377076
20.438126688033336,123.9029341848376,9.48730461765431,6.719580647955533,0.5035872390217742,111.93025538201817,53.84234266851656,68.36777985320941,6132.154254509576
28.3536561746374,195.133905653114,4.7293305238689305,6.192336181251255,0.32395035706810177,113.57548461899191,67.04050077627136,32.813880133172304,6446.538939948833
32.44799252609373,76.9989540227372,8.534270374535822,6.815830922096413,0.2595526971785214,108.25132545515454,51.66823736229847,39.16494373814639,6188.787970270923
19.662987009301442,230.0601497987965,9.627698445990411,5.8442257075950295,0.21067931785377236,107.08049050352456,48.20106763813142,43.65123172331958,6445.178871767368
30.228103678137185,142.24022352019267,5.63744587935968,6.492452893652711,0.3035050163748521,48.889888527170754,48.85445797662643,32.52703261489052,5681.4534770306445
25.121158809687916,163.53501112915356,6.129638597466921,6.549301573911333,0.5200836124573588,81.65596234966779,64.4374785300016,47.481918171820176,6234.674649124783
27.270114489245717,113.02378745405571,4.972817827515586,7.03386454063501,0.3659515596359532,49.30028186785803,78.18538195112323,31.875260197252377,5539.395509461553
15.101072613601929,59.80055168065888,4.6879686848963855,6.542764737563687,0.5749065305751341,56.14896517006759,43.372455168159064,55.675745826663125,4986.045226856757
27.44680817392825,192.46359311674644,8.287938184698211,5.724262803175559,0.5172560238601032,43.07496382213523,72.46247995812726,61.108435180285014,6204.061884249595
22.38342280318762,195.33374498430493,6.365427116964488,6.45556895249714,0.32388891687209964,48.44276461281854,50.62420748160717,46.89580197637828,6086.879754446209
31.069607870859286,182.388410516049,6.45603811919477,6.322082602500746,0.315855492346462,97.5693881991079,68.69080596128043,85.27206809194317,7053.558195635885
32.730371768310235,168.2248595546131,4.251004025899855,7.1151926192041755,0.33929800515148756,93.60384116167563,54.72068613526298,88.77222239933118,6748.84565013891
30.498543697600883,181.53704286541696,7.83972546627826,6.752095107357848,0.5206028250697288,65.42433870629077,75.26114709623667,83.1897681834416,6677.056981145782
15.028953023641563,157.61807488028404,8.563017201456374,6.979251860178968,0.336591544184652,79.8554299027623,48.18049911572882,56.0081283115413,5979.495094541422
20.691078312342498,189.8741826867261,8.848053196722265,5.681590358572158,0.5503598111346406,53.53205641805655,44.12894994410625,63.71281066441111,5843.669204119661
26.108992615788235,185.84992015486722,9.627391780190148,7.023275529133202,0.23771447964826375,65.79865952098152,79.03175354465284,37.70084370307815,6296.907321183498
27.51294779963572,70.56997811143664,5.401133766821593,6.3671889801039026,0.3460282202929761,60.38473916079791,50.83472293357275,56.409393962174875,5291.464083195388
17.162877715447593,165.36900862289374,8.500431544622105,6.895183922018927,0.4558906561551923,45.71536540974736,47.703072132313196,81.09796118740184,5877.394938812079
32.57441685177277,204.12542925255798,6.31540081937567,7.425543591249635,0.5199775381184246,62.009480793902156,57.01587535675646,63.973690719713375,6005.13702411202
16.855738463427443,122.02738514495503,9.980522115893214,5.8292383456790695,0.5829525448863953,69.61275955201513,34.67540417214825,43.78376374149456,5407.629631751277
30.069815521290444,200.4419070583052,9.06120183899638,6.093731410862219,0.5314025350350762,92.74882285808367,64.49867692172683,57.10401205337024,6795.539229133528
25.579355019148267,146.08674936818068,9.220817244983799,6.694592781776638,0.2038270338341938,51.21500819003745,47.93848070461833,87.03080436979629,5882.561321487345
24.736388727306426,249.8955430677001,9.608668109983416,6.189781712211041,0.55603961809065,99.46354429187541,52.37509159147278,62.11035502446172,6946.552321136752
28.007612810674047,186.571656907335,8.833694527898386,7.090160965867038,0.3865272296427631,42.798920556159274,43.85382938218953,30.550173010130873,5750.818243238054
26.405463223066413,230.36742192098885,8.281749107255973,6.331610400209085,0.23361028128996889,117.27926013773003,72.49186908191788,69.42148671212064,7211.385505738124
28.193269196344154,249.1492291426118,5.351848111072934,7.238401736563405,0.5619037722773399,106.418375245219,37.97387940902665,77.69875125659766,6666.40723660347
21.06854804314632,147.20508482744359,5.449768952719799,5.935136843414599,0.28577142183221055,59.72566103367389,30.933986882773304,85.56783846915744,5611.218562426805
30.258514888365582,232.37164759721992,5.221996426555785,5.983414961738129,0.26347546504986724,50.166708769713125,42.222349646373715,85.5876785316006,6435.256862025135
33.38168112915335,211.9322214870704,6.79195558778669,6.056290911388899,0.36228530239986323,50.222320004925365,74.93453149423117,41.47323055786823,6323.95297911109
29.19746296167201,200.06928885481133,4.811323637333602,6.217338810769391,0.39291037057256095,116.02890159952014,24.94699392416439,56.92779681531389,6637.539541689823
21.676462633787462,226.3972268457239,7.528505220474759,7.18588522609371,0.5966182560604187,65.63939716865329,23.164782874298954,85.96604177420167,5737.871134542228
21.033787149126645,87.35149381668295,5.675489994996299,7.490359865664054,0.5617853868593714,118.12751912611937,53.37614689121953,39.80862352240017,5998.750421212284
30.973378725116156,130.33487088000186,6.3835583076959335,7.296282514466753,0.4033306391241426,102.5310179894862,30.991699770380947,40.102070435789436,5940.466498271482
16.78988367797012,181.84165937096935,6.660545320440178,6.259946636986999,0.45936216311456873,89.27001953778424,21.92267418312525,52.44276879591146,5827.955049183482
27.023903932990983,149.52838743839413,4.774907343854444,6.934844466602661,0.27799728936624885,104.23206475639756,61.02325464477,43.383120042530024,6501.3331683640845
15.683363063526201,178.66874356003052,7.512284834016698,6.868985700208232,0.49232382043545453,108.15907732993892,58.81961300594493,88.02484360363474,6920.567996341213
31.308699004789823,196.52519177031607,4.447662496996583,6.59326232050496,0.3253626190704622,53.28228981602285,39.9123228010435,88.04115838221196,6282.043863393502
19.69185573236112,126.08006926429076,8.140015281901313,7.055303290258138,0.4924818827921532,117.03252597831131,76.34127704091009,67.3025292569757,6568.327223440628
23.36956728461977,67.90986335804894,6.746468800021669,7.134314566435329,0.21679470983771948,61.62445892102568,54.953748642164335,30.22015585510689,5217.2025620786235
31.69453782860389,205.70924758731186,9.635048231282715,6.524112594445518,0.5953241226781341,89.48876138193839,59.23792519054763,55.46696725922146,7031.635211175987
21.52799190265285,158.0671377497394,9.731945938677484,5.513777283297366,0.5091655251720342,95.81077935636057,37.348015584061976,62.882298095738655,5984.006923225083
17.1107236082849,218.51926426808333,9.275072236494319,7.2181765639504,0.4931112711236047,54.070642432355676,68.20915112326358,37.20298369903704,5987.224445905011
19.06287696697367,200.8097967767195,9.917381318961562,6.307159092397506,0.4568271849893979,74.16224161242071,35.920551105102525,55.402548263739774,6571.2129017944135
21.013603712375225,106.72405894370884,7.468540703805596,5.9411510508944145,0.5046998959453464,55.198508511419185,54.97420404261552,85.02920028138325,5960.819229587475
21.212534535233836,135.9631350027461,4.139118163237377,6.373815301696322,0.4293461696438321,117.52865026571288,29.904274974058918,30.411521009118303,5854.779024728772
22.354268934270607,55.30064689529348,8.822065300705145,7.293469958699121,0.2414725371701882,94.26184213765562,75.02938625935721,76.10283579327131,6125.716519563944
19.553559066022466,183.59437639842227,4.049924569992153,6.019724605141013,0.4345826506076763,44.32202944395108,22.422297492757682,66.56933519202929,5077.687838238291
26.371098985302048,211.79300822328727,5.651301257976686,7.047652192539478,0.4127911861548855,49.191180580357646,50.23620034236296,41.90032364571958,5765.911189682089
29.938810418446344,63.51691794755801,4.146049498094163,7.158829567905971,0.2585387118032678,42.039041872976355,73.4067355770797,86.26279080239715,5703.655824707792
20.511851412290024,79.17619667623143,6.232383353272196,5.907784290958169,0.3425277902784688,61.85834086152953,55.20148107121729,58.45744078272605,5380.691501344962
23.70355630068167,120.17425578462635,6.459076469064386,6.636545836467462,0.4975973067978291,80.62145330165441,60.29658308905357,60.79623412823426,6175.49193121148
29.96009472812993,133.81950318043602,4.614211684462323,7.105538039071686,0.3476970071850575,78.81180558518278,52.88411319779239,67.57863916506389,6199.9429835185165
15.071148771915619,240.27348810646507,5.581236428285265,7.075374906416495,0.3316932997537691,82.75057263287471,51.48863322695473,72.12200294083662,6593.598173846176
23.355252398366844,220.448262173542,6.396422924178219,6.499204789293618,0.5060643779764982,64.7914936184381,21.928557485351078,60.723970636423275,5753.714950297372
30.866827668337912,217.48859601954413,4.907912544405664,6.955010968478471,0.20257260737719307,43.73845282058735,70.40366121015359,31.650140034552685,6161.711704344505
26.62163124792032,204.03599418946672,4.807574997322293,6.2658670422893135,0.3702249765207454,116.58829600016372,56.66083183098773,60.753040918722746,7104.869823435196
29.94442563347129,125.6462930883154,8.038736025603171,7.257490781670538,0.5359266175086521,58.317815010069786,65.68677107477319,81.87493504937049,5844.429540326278
18.214030906635628,101.25062355285522,8.00582529994318,7.232234665262685,0.3090122993778674,102.46478905230256,66.10930690164807,75.65558127445536,6212.1783512623315
29.697587898261887,68.74619716026011,7.647749448196134,6.261921583725548,0.5011800683194804,93.55240238564137,79.58138653543949,38.26619302728035,6044.392406050541
29.849675211235102,203.2947965113711,4.7965635207904675,6.522875734721318,0.20406186065279305,98.57897540606169,33.53553532428515,89.14785264063326,6894.185908182591
26.089808267249403,246.65972672574603,6.757464900515307,7.254283407177085,0.2328312542433106,112.8679971120484,42.852561569637494,31.45248978480171,6388.865211814899
16.201347418400157,181.24340168888523,6.606027730782561,7.159659190722562,0.2448310013972469,104.44260583231792,55.49421912468583,55.54635015049799,6591.6047328473505
25.63346729552118,71.70225200771765,5.882661955931203,6.501296649910329,0.5985181743892052,47.12261691306823,58.65668809144593,53.16085676075649,5447.351849048397
16.381618947283457,109.2843213525841,7.903070384302645,6.571870291763838,0.5245226625528361,44.73157280253663,62.41737198876153,37.00473790547463,5186.789671640074
29.17209219767076,69.15743027381214,5.484699396842895,5.905764444337474,0.33077291441211987,99.53504170433462,70.85401750879703,80.64470336950349,6399.084885654064
19.177280162015133,186.007842617399,7.442386797575894,5.956309421634593,0.4728470778892776,109.95834690372651,68.93127276020937,64.77194286102632,6800.388901581994
16.605734973638846,108.67297044404486,9.068460851051409,5.942875272046011,0.5499699937673085,83.9691059992833,34.45466356541038,86.53626096107232,5814.681214465263
21.93780202274496,123.34433930274626,4.769829324241817,7.198807169839361,0.3320548562741138,81.70307424838519,74.03004199202931,59.28561054010756,6114.561106190202
29.05796968469177,217.64660418154673,9.771233158597337,7.212618696310359,0.5507865917364516,109.45088347316555,53.15674905851631,77.76711385456836,7108.933015211918
15.41529161889532,147.9887816562764,4.422202519199589,6.280490520486427,0.2007522917480197,45.27204042522489,20.26043462679264,50.17672644479495,4865.432639519673
34.38855200129516,96.9018732883687,4.128088981231487,6.186474588537769,0.380258164661306,57.64154021072248,33.57321498800632,79.52864185279877,5613.601751275612
21.566893950454315,72.43381298182092,5.4919031180005256,6.990370647173074,0.43177627306089494,79.84057690894767,59.86499436370544,33.344480807555726,5450.621920738186
28.937205364195563,110.30721661495129,5.945322366024495,5.580271078394623,0.5388860641929404,86.73893713079565,41.68705036203421,34.945953458503524,5536.866227264335
16.632023932457184,131.61827481786105,9.511112658255499,6.955074979706417,0.3243658197330018,57.33876476545131,60.80612615667976,62.89908343437245,5831.463927821474
21.2549968962257,76.49563631926503,6.349158253548867,6.202642707275273,0.360383559972033,92.36511333989185,58.061929166627486,51.582793325103935,5811.226338582151
20.444920092174023,178.62860381150261,4.733222551562196,7.417628895635573,0.525307942632686,70.49498606419284,24.994298028702488,33.76215754498332,5223.2587516799695
19.87596634058047,91.71925405697883,5.778088703737089,6.1145991553898105,0.3979981491774348,89.35762729097274,67.97592543575932,44.23918093321045,5850.622170685642
19.22587897459991,87.2952281358676,4.064445737623518,7.222155114251776,0.4006473427077849,108.94864796078022,47.69330152695089,77.19389956655885,6176.962235536203
16.018589031849995,106.93130543317035,4.183041178479959,6.755821938424465,0.28885933949246223,119.22368990080781,67.67922597321878,85.44945593038551,6598.443425209432
26.930442366054343,104.23191337310521,8.408914098578268,6.507097468600166,0.3118301684900489,65.76335044350307,39.968928042758286,70.12607354791513,5948.257578015782
18.07734781708816,85.8237508051204,5.294323245096854,6.511740907773256,0.3346457842746798,105.41400058784556,28.055535100402693,77.61951606597627,5894.638196053797
30.543063873830924,77.05274924544946,9.238395413488117,7.0020987517290445,0.584100113455198,52.60789892722589,54.34921506590962,62.123896566457105,5863.178113722687
33.57888136867902,240.9996723911352,5.251518911160536,5.535292215362389,0.438089043086699,58.28841593392633,33.142002410392315,70.36625756357103,5909.873652824208
17.452583148931296,168.65183209881127,5.429750675400419,6.958885173537469,0.439989477319779,109.6963830424481,59.95420610240734,51.33823439812566,5986.300263796844
15.659830634039327,63.148425327579226,9.841260591131682,5.817953726268791,0.5403723760868162,86.20909288890776,58.010724029657425,48.51404233330046,5762.5304617765905
23.58515643980403,74.04409625420867,8.827902157863196,6.066065576589045,0.36712543071306525,62.12830886579351,54.21189886650562,62.09421784386049,5689.390840452626
17.812679454029187,176.11608759788714,6.436569880719006,7.230715612637515,0.44095081715604034,110.31539607711497,49.417190762886406,41.217378606161446,6211.3787977273
23.677438539999947,186.00530903937718,9.579171364196927,6.309532208038682,0.21983833762077767,74.23388678677127,27.266774078274103,56.9718694271517,6269.447947033002
31.758527717363148,133.27967048528222,4.757024290565437,7.397155677636045,0.5398662134472978,81.04567625173694,70.80911983896041,33.64976218042735,5861.259563537307
24.860609607117922,51.97146839107105,7.287323287005316,6.216434162940696,0.5698215217302123,67.21889371359907,61.161540918840956,38.39846083594602,5574.550781586478
19.441699752483977,239.2066848713566,6.153802362649366,7.032860747383477,0.35131165123568103,95.69871710459984,53.69956874456061,34.90610766014677,6464.427624441608
19.090101062551632,206.33190716713204,9.216679866925823,6.8034285470723415,0.21622420517846025,53.46273643026716,76.50838218355058,89.81146603991863,6422.560852199889
31.892701586745524,135.60719746632918,7.819858100571722,6.5332138019122405,0.4639137261714319,83.96970001987218,51.888592733407094,68.18859860192867,6208.944051271581
26.8769649065276,50.04929609913604,4.7689189422756755,6.641931988396578,0.2033034977330088,51.471996272560155,75.50714887486475,73.41854382417682,5736.434441530888
24.273525321081916,123.6450586630059,8.079249818837027,5.996516711456068,0.5312696218975037,100.36295193166987,25.17826766820118,62.48855227557307,6225.698885405674
34.97264958944076,67.56411146174182,6.8188658418022445,7.344316724889279,0.21032941892026172,110.40556242274948,46.0111562924933,51.660342314187545,5830.9889586011695
20.008071596658024,120.72057487687779,4.3744380639801195,7.248230622489646,0.556766943769303,74.04236973169611,66.29886460350461,59.72774021242884,5807.572797596532
28.25851687926881,123.77326276368427,7.771529438050838,6.357794341157721,0.27960209900644795,59.06937540688744,51.76432343569199,63.07537442256651,5991.49665698918
27.70253584754483,86.50917755855471,9.390742506280212,5.957463740150557,0.27547239255731737,51.81992234634148,45.57046793899212,49.801463655379365,5471.871496969876
22.161767075450005,62.60047420566992,4.019167900159366,5.658043175121252,0.4265172346031422,105.91493914322464,29.057082850684175,33.72255035044991,5241.774677040299
34.146742094841606,227.09129193230254,6.362147495530243,5.841881790446703,0.5208683397101663,56.95140668266734,76.40647355066912,43.037336510621714,6141.403990677234
24.037860707896222,86.22237549918347,5.230367249132088,7.0411716416201,0.5953461796879406,78.82292290609828,65.08265081513895,31.506307171106098,5495.486707118334
21.78012235845504,111.85844788885211,8.928172988496126,6.017150483145323,0.5519145486877042,109.58235900211805,58.839176163917145,34.403114653643165,6062.664507448838
29.301680540960035,156.3627681911447,9.431077869499852,6.831217142552152,0.5134271329137627,109.35660741175778,48.56724829328371,58.89018277322508,6682.182464756596
30.78912068865659,90.35159794324565,5.939970297791607,5.712471344273821,0.3639203198388567,95.94536692257293,73.83741844502019,31.379929487926134,6041.166386966054
26.64979161692717,178.5879664696151,9.278278122862446,6.789864444453413,0.46934923064722955,97.58225945979734,65.86639655489373,71.69362675740709,6962.785721608296
33.347338887647005,248.63361663723694,7.1224009003793425,5.731624395377209,0.5511401130255553,106.74516088519088,61.722746454780115,65.43957800126184,6998.26695634893
33.665730868094194,50.94784687858409,7.226000721703953,5.7099314508896235,0.37658312667123905,44.61198428951847,68.21491157248886,67.00566374661548,5625.39281971325
16.189111961115458,132.50588959678817,4.207267839458861,6.217851177453142,0.28064179857569344,114.97902821934838,39.0350010136718,35.79953337690778,5764.728273996504
24.71277942162391,177.65343969978144,7.779688007602615,6.04228283575541,0.523863532269128,109.55725203635194,64.95657179740331,49.286427296522376,6784.287049844956
23.02980929477554,77.04130627601084,4.561143590599178,7.117133803368429,0.3974595904742453,100.90798471618646,47.767320959002696,53.46587760442453,5563.7244024978145
16.761997063986,69.21170744413219,9.795106757892373,7.290578702110482,0.46070281563940657,85.32374761387042,46.140479944240084,30.055224092458765,5600.258397751157
15.960806133581354,103.90374403074827,6.420728368371272,7.4097188403376535,0.44684817990118253,85.79601160295837,44.54889193176403,56.397583348527554,5639.537452387051
28.016392523972343,172.7100976539421,7.7356327809674195,5.514235639369573,0.5623575410881264,90.03374761276467,54.83981966582891,89.48282451635777,6619.91072258423
24.49281557131624,206.90238521112323,9.198119164121849,6.967126252754671,0.5245432972212327,98.5302376182264,67.80066425196117,58.25920945212211,6870.660053153172
31.882403045437545,149.6203154082989,7.457511686701476,5.660519444581956,0.5079654661325994,53.297666971520066,54.81618101609886,76.59575401909842,6074.603162705101
15.042714970603244,207.04143202685708,9.196414949052512,5.946768289614137,0.27916106174535793,75.69250191032076,65.2201537601654,54.72534408126444,6620.686437888056
17.188666467258912,147.9162098590568,5.685706059508743,6.101172442126822,0.34019569747200656,59.04176273619307,55.58233591697052,85.06725532874634,6341.863049897519
34.52129876030137,136.9942769009753,6.649922848809982,6.15551901961982,0.20551181367534072,55.96697643812333,59.99102515134815,84.80611000151067,6209.697283727647
30.436241329206787,135.3811355425866,4.87745936444348,6.373683786466692,0.41339264094378547,70.9056014247839,54.444440896236884,73.68586322889115,6441.574520364371
23.43401510652352,138.91828233517631,8.28170522778212,7.22418001178285,0.3654989712675637,99.45302052662723,76.67926295097843,59.21219014889933,6635.480340288927
22.615754385101788,218.21659308290086,7.060511822802324,6.104584876109753,0.39565125403019497,84.30682297878846,40.681203218821196,43.64801620159308,6139.247223498225
26.00532727380798,68.45129854333298,4.848111373381617,6.190058053145796,0.5521529298309171,51.20340419017623,21.80271728410071,37.774006520703544,4704.971072397062
28.74619177156859,84.75233505102008,7.8677682751579106,5.905915287713194,0.5797510398904286,114.03411621109092,47.1374762986607,70.1475276307959,6135.842844976393
15.289153866281602,165.65635230284187,7.836876651374501,5.554279500689318,0.5842225689523732,60.0354097067575,39.33333692549068,31.907444464804723,5433.720386986596
25.302955867866096,185.88856891706894,4.344927614006133,6.297539788031175,0.4843458875006626,116.93790708421787,29.91555208883662,56.77011640077363,6123.910811816532
21.28628998733781,171.38376236149395,4.5468947307902585,6.439258831522297,0.3420462600434898,78.6476189606903,57.71218202818501,79.93329814987408,6281.471410845778
17.72950805063068,51.813293255797774,4.51967694152409,7.464486988590649,0.26120689750500187,113.53971588733523,29.17507424873646,66.18773253602208,5374.053817209536
20.687092035641093,161.3976906267397,5.49724338835134,7.144056708866025,0.5035600310461645,80.23514224192905,28.627784679905574,52.1368401276967,5532.877813565364
30.543128753841412,93.80523496930667,6.333622837313657,7.132422941849001,0.5272112644596887,40.84100021606826,30.23360342768135,48.72052908095425,5259.532747571643
24.568213656628437,189.39376954494793,8.262023091705759,5.621234422626169,0.31760499417120236,58.94199654082426,64.06642452465404,32.50968996971824,6132.2137431968085
19.25740597116564,227.1005798351141,4.405134605155203,6.865057725374989,0.2970557509567305,60.80184433020682,23.14522334013065,86.05387365209313,5900.801888573593
21.620015909467867,200.52935221662335,6.252420519359249,5.900780762085949,0.3948786982650372,60.33263633442381,48.56343845113669,56.85168890428764,5704.959228280067
33.72746546084504,208.49308579988164,5.162505880273394,5.929033504804575,0.32671749713061987,43.404909606960345,75.94022820960775,60.24360997334847,6367.560211487623
21.60635193053327,210.9318926025695,7.2688133360078195,7.119493037580658,0.20077355348561024,42.434545691861594,51.2150912746828,53.62515718357512,5978.238513971855
20.783103274109166,59.991631138448454,6.52201362023377,6.396553362121799,0.39769134008755747,109.65799298212102,24.079358247268097,49.96160670675195,5728.392173243501
31.341767959025717,61.19593097821221,8.457748907364875,6.814813317044718,0.5860697213023762,119.13000022071508,46.46718884701741,60.63922553949888,6238.060729155132
17.69586021288696,85.53331842758887,8.979585370308671,7.214757909889564,0.3816778645026599,84.82156703299121,55.50478619792707,76.51866259736029,6001.630607276627
28.80503607293226,156.2740830731001,4.9339411419264625,5.891766497381324,0.24778958785774197,112.52737289315385,51.9084890423602,42.544349887050224,6424.363994735421
22.143874894231914,125.58717412671317,7.327755296160028,7.2299513302585074,0.22170919632478428,54.91986698397797,27.79344359923392,67.42625189814036,5451.3045672612525
25.48435122134241,244.0926313243046,8.095929882240245,5.578013433693428,0.48882746374380465,100.25169048462395,36.17812382109997,88.67191731413646,6677.570328326801
34.80420961305674,67.66506424681013,8.029366664063875,6.881289415306794,0.5005421511902409,88.20091267655572,22.771191648514392,72.89861933870596,5669.688253600266
18.415545315331325,215.8598353854503,9.05897530365864,6.111967156141783,0.30383718153030215,105.55919424162518,38.033208485703625,38.28895390999667,6330.48912475148
32.24959731537433,176.86378760971195,8.72914281595029,6.276530838118078,0.3486087217394798,43.32081433321234,34.04545726942415,54.38525308466379,5738.389817574411
29.402304502099405,139.64663427525204,4.482984592101672,5.763973840624927,0.4476945009811617,70.97924409796894,23.199305732430048,89.24446862357247,5846.025133889511
16.139371164644082,216.82542123937208,5.493855454762695,6.460520641726468,0.20202539272156017,102.4550709483124,24.778158566286436,35.0827917827727,5993.313506867922
17.527905021622193,181.8067460387381,5.22211686221845,5.74078672112533,0.21264936941148213,102.44509955408776,58.550844150733916,79.24024727537665,6521.865070136513
17.494993849577146,83.54251497894931,7.6932078649716,6.065248282724389,0.459848028654297,75.4267687684369,70.32195459714978,68.21119687627157,5947.739831631877
25.05775685110625,150.9295388291223,6.204776160536374,6.230470352522879,0.46688206063740134,50.86569947213593,28.816980514319553,38.6301438408705,5446.403590231725
17.96668280146014,89.9174218228413,5.2930678181371915,5.555592426011194,0.39708689605861514,52.175250250428135,64.35725103843455,57.04052861706471,5375.121430911659
18.44521295494105,160.08996286214125,8.591984515379718,5.616774317089201,0.5494600407102435,74.12067536915411,75.39562419625298,33.32975607512477,6115.861488532704
33.21996004410744,171.79839522877785,4.96835501823307,5.57860649740738,0.48138731497491244,76.04336768162304,65.56033311373193,82.22741304617034,6611.974056823106
33.744400125505734,161.50050659070126,5.32900341174089,6.184212600868871,0.4663414849936757,94.46628045193947,33.82692922994309,73.03606297882975,6179.0195240277035
30.30975886039795,193.02881702139356,5.766877797095629,7.344757603630324,0.4633103055122011,40.25790967462534,76.90945097204262,70.47056590140119,6373.8438392203625
17.0711319092945,216.9493541614736,5.8122171265794,6.840112903020134,0.5665209751649709,56.00840707215288,56.45281630352613,32.45146386543351,5670.029082785497
29.71840494611378,230.27660419845148,5.405113773814406,7.330857644011282,0.598154603939038,89.25104294268402,59.991089067739644,46.657989906451604,6488.1568364647665
24.512261664104642,128.13288526874885,9.731823438379719,6.241936703845511,0.26644478521025844,104.49588799931034,70.47023012586138,67.83268135046677,6727.9689683142915
25.670684231678123,189.85781314072125,6.194033398432628,5.6336357992100945,0.20857944008218066,87.01853995470579,64.19127832520766,80.62800495218247,6664.257500188832
19.313014940773364,192.9617188728197,6.719375011623228,6.623807358720548,0.33583551431164105,68.8594995420413,49.77175150178823,89.5470145638683,6515.723594305163
27.974390067124183,51.96218540626554,8.376798001408572,5.708870158980647,0.5097211040744696,114.40759884770385,70.12957488601985,41.89218458866341,6171.771265057597
34.253274837709256,183.74610710255934,4.333123694310825,6.662270683571517,0.42936818656047115,70.68002592888482,63.69801232765257,80.88480383889956,6317.573742487765
34.03262973093126,81.14461521545088,8.024282801385525,6.201159818835547,0.4439053684462126,52.48838900543262,27.11005753238324,31.895109005623844,4903.189501985901
31.330561785236164,148.0529732393398,8.526924477776308,6.88132328980536,0.54701411860554,45.347726665761655,23.642510513877312,30.841307921244898,5602.344021884139
30.143767293650406,168.12422163469844,6.223894481280955,7.2579902296390895,0.41859956879985644,72.68947574333889,36.20769408762479,64.3629027109858,5736.026999479898
27.341491481979908,232.63619921924828,5.095514502000253,7.222409084583039,0.3523667775496401,113.22790705676707,74.23215637459978,88.12096080547462,7230.139952795271
17.53177331973514,248.09747230004913,5.436839314257483,7.251572107470316,0.38771833089548813,98.23364906361556,37.16269678616581,82.57971561769945,6353.235291892438
23.408436673321056,72.33090698251314,6.893359713106617,5.839013276044665,0.5614431879037076,81.11859574566301,35.028341337144845,32.336637432318845,4994.584861199923
19.094422497443645,237.85064450275223,8.49474121866955,5.945256666339282,0.38546989808224236,40.68172042844797,26.485064039202047,85.23138193608321,5951.923931377348
24.945114914195745,131.65094361681213,4.163700279700657,7.317152765495375,0.39949748139693075,44.03916075327938,56.32178199333027,65.60155661295215,5699.3647618299965
33.4701266616809,163.94261325244287,8.380551003261072,7.483917377185401,0.3402496197140462,46.544802420443105,63.78144978528669,40.75447361598226,5667.992416313041
17.168842055104086,168.72425273957856,8.980840612530752,7.3197508959033755,0.5416677232082294,98.61099031373088,59.665716031439686,31.974711211393462,6078.809262230235
26.09787319049642,224.1980675211754,9.277192910408875,6.555762119088874,0.34287874541796126,74.00332850127056,44.44458390141367,82.99344576916452,6461.192343564267
34.27217389788135,121.03237696926632,4.400403650597699,7.464925373644338,0.2910152474609169,45.509592202444296,41.09477713294662,47.41084096498,5109.0514119898
25.578432599670236,194.7224425580057,4.1365796777917785,6.655306499650976,0.23426207903413052,88.90776466980084,22.949724015565288,89.54522817542608,6242.620454571079
28.380502666250614,88.76474155902632,5.906948989809308,7.234976690714886,0.25958907394980874,54.752994474347254,23.7944253476233,79.40676961509452,5538.412782640634
21.91644848992481,95.49741232789867,7.686520220550857,6.403789156877416,0.5139937134290784,45.83408977214567,31.955972079814092,55.87956152472917,5434.991003122473
26.5998458690824,103.23168552224003,4.667736036103823,7.049863837725948,0.41625801201492907,85.26024172537728,40.38021158078403,76.97858928340538,5842.0450738826175
29.81337153803851,78.82693994990288,8.263767116805699,6.146800512771979,0.4288133299686787,42.31049036025637,76.44896759963387,84.70812793218099,5949.391960064169
22.81381105335287,159.59379677327283,8.403246022740491,6.133869968719911,0.42644076319690405,54.64887500449404,63.84088092887244,82.23144988938824,6313.133264787305
24.13124133437621,100.63670435267315,8.791423448372903,7.321698908100407,0.24783338617312586,117.57694185958854,75.7848487189853,44.16338785542146,6306.809818786052
23.095919988291424,196.50956125443818,7.598149672567457,7.17232319746325,0.4442397882937348,55.56279503651279,75.63363975915766,54.069885596500946,6181.437204017423
32.504541196843505,108.68780847731996,4.529982716647456,6.854234272534984,0.25541514697401463,83.72012183984125,27.85100395536979,61.78026581775033,5672.133768115835
22.524893512598943,146.44269568096715,5.91470958275486,5.7289618003215175,0.3753699519903533,73.61599201480624,71.13550597654006,37.87688357114314,5815.235572973281
32.792345655993415,177.92487471933083,5.123623001573344,7.000474728587645,0.23745839164671492,58.898727229430435,69.90266638479599,34.79093727836288,5872.695001132592
31.094848476984986,107.25731119429645,7.985187563969669,6.6568710628204695,0.26368485109149586,92.09342803516897,60.154325069656295,83.74020710872372,6682.359956317405
21.498209136959446,106.00938061725067,6.742270426757489,6.2495840553706214,0.24208123883986335,103.15733551714602,41.13275833186747,72.27949389306426,5808.971027028778
30.200424252436356,133.8807176824806,4.689535775749394,6.1305244559520515,0.5929580719466887,107.95711832688693,38.258005325037814,67.20660179157922,6478.431106526365
31.66436407244636,185.7457630833573,6.233686766151971,6.67709518375026,0.29878284506018915,45.925305691766766,53.12713532340446,40.35538904420945,5949.379278581856
15.31808317748682,97.78598204811865,5.5094993680974875,6.281533082330923,0.49980374885105966,49.21810087859713,65.36587305556023,41.301513492973115,5357.06303308165
25.982192378100287,225.5307263133518,4.8504993836448005,7.309906290181969,0.259446270108861,45.68387599233412,56.084161647427024,30.705994397257232,5762.0430180806725
16.798672689666972,208.6822828524521,6.44717657157832,7.1310319326386615,0.4544120143630099,79.07592412061587,65.72354571616972,75.80470927329222,6361.94806798564
25.91482482550095,221.97805131579142,7.63697605618108,5.591501130755471,0.3186255085380106,81.82144329008162,26.241748550770595,56.80691612729173,6014.976657819262
34.593813852692435,204.01155611892946,7.915398098482784,6.52598096560382,0.34943859421205514,65.18521612572437,52.84642021904817,31.004889104795737,6321.783157124222
25.34692690884305,52.746525251142494,8.042052707158327,7.214082750097095,0.5878889792797373,61.985281070867366,72.44815131554901,89.91628441465969,5921.569678430061
16.05225948851259,203.57067139537844,4.428594806508318,6.185472709252561,0.3516580086761829,107.44310011778178,74.81307552042097,44.357031128248494,6402.467231821249
18.870897949775134,182.27812743642545,8.240364060546131,6.855931219820059,0.5275029456453822,64.29817449003836,79.22117111983559,88.10188652490166,6787.206111671089
16.069722215339148,65.19054593864783,5.6551170474094485,5.525939653156753,0.5256699279425123,80.35437659001911,26.086404183979727,74.35183577930782,4989.826121940285
19.19131357576139,84.97467573777197,6.958397912727726,7.006781677177981,0.24067911218617058,88.74183465804626,30.02588185490341,36.19134529826353,5593.974437445295
15.088264929154079,222.3316945845304,5.1625412184499515,5.529817020702937,0.5947535183056889,95.60070025368196,77.60414834965258,48.28771979681511,6198.698631742334
20.128883330469257,93.86082392465771,6.702258933105224,6.857515004527738,0.5118801265629283,56.747584372712296,37.46403520724241,74.18393000790861,5630.1619274813775
17.611949420022913,127.44049923209249,4.523577164871543,7.150923407746209,0.2585495688994494,115.93572774212048,24.29012418557545,55.262538092224695,5516.92727498078
17.94856582142903,103.29932657568213,6.729638425656247,7.258544900343528,0.5941647467925362,79.95644953942681,70.34668882589044,41.95710531070712,5859.174035693604
33.30349374791567,194.13402113682164,7.5326024252258765,6.260965459468826,0.35936342153976586,56.261859460544386,31.57695699550103,47.36076294966671,5775.383164528982
33.340679375702265,57.52739610706561,4.401207622632535,6.518478608802225,0.43200319489573547,45.07624757647669,63.69656033376471,55.764592734861694,5207.084926963313
29.132273083141207,161.1590690796817,5.710274338768792,6.354419648901251,0.31468610003210673,44.7958606123877,34.65256138022056,48.77706955932993,5298.8591669263615
32.610094997271496,220.96200477372267,7.928755705440279,5.55623836825119,0.49161085916760633,116.93957907805515,48.18771474875824,30.898770146412243,6892.594440954002
19.32091032641913,129.97347750425735,9.184372460615432,5.64564198461146,0.2578156931376261,82.1822475850355,34.58069983652593,82.22907103255892,5928.5637580122
34.18535443275377,199.0259783035968,4.910576632005296,6.011765394984627,0.4948956706757284,51.575737440453,78.84892873793584,62.01843604503275,6388.366368191809
29.914377621495426,241.08898150100478,6.62738625585036,6.498107866295268,0.4655990177342526,84.01707400731493,34.16381721929344,57.77326264297338,6499.248977686457
22.48101201802158,142.15934536764445,5.061631289387517,6.105866915270624,0.33044159217669855,105.32253396555127,74.413825745844,40.76146952560462,6233.483477964307
23.05150401016633,180.44891975545283,9.354868558446304,6.719031803585002,0.27823624110871853,49.50746344075909,55.242631909815564,88.56495326259426,6561.245532746489
22.28183710702151,139.58765073827112,6.733483427379067,6.91014071038162,0.20056137327704016,62.85285918992156,58.658551606888466,33.51718015203875,5664.478655913858
32.362974491705934,178.8019726395395,8.74803678286991,6.252836720790617,0.3617932280076635,61.516282485839646,60.53952728655995,60.115122922487615,6288.742090532027
18.173315634015967,155.1713358619615,6.542978026943803,6.359165534307288,0.42330590452669353,60.70129589612971,62.85508873709825,65.07347547319091,5908.395338892946
34.31975994656736,143.93100094782247,9.34226952535633,5.92803475236456,0.45795346781265195,63.73698456952228,55.17417878147078,70.96216906761313,6300.8099189323475
26.25111749688037,158.56780995423713,4.759620240698602,6.745763730826223,0.23585316411474455,59.1089246931805,68.95351441228786,58.2985703215552,6181.434057042837
20.498306064500824,171.6500074346443,9.692801248837624,6.66750155156527,0.295252716178841,59.11271401800985,56.315229548107546,36.85118824019082,5998.738529633054
17.656234659339415,248.69537550189577,6.072677391526412,6.236835439206491,0.37827723745801256,74.52138954350278,36.09151641505643,31.09345045788556,5862.600529858327
23.887103504464626,135.43696612419242,7.628239634895274,7.3445069256130076,0.4707929171651701,65.54140360725685,55.18735810145804,51.200644954301325,5994.8005110257
23.741096266831935,108.3363674794488,6.911166142259736,5.809915824701372,0.492560888498252,87.25317257810752,37.3675160627269,86.62643757081636,6124.933252070942
18.930961602794035,192.93237979601747,5.869745188641312,5.696124354016841,0.40724294254590854,110.0134348362528,26.142911766341484,79.22486127234228,6003.538337802308
18.838356816894816,156.12394271251713,8.069059329791742,6.987964739760675,0.25710978647182714,101.40606758190386,26.422683698679403,54.30088269749835,5714.538168852356
23.859723037220764,196.20440369494779,4.718793410396244,6.249135817395685,0.2998501290880252,74.58081240008465,54.138563885871655,30.888824048170008,5903.857946804726
27.057827338050288,214.41592709999142,6.436838064753774,5.681220399852071,0.32828489354353607,97.57511219089899,61.575796124958146,81.49811532540465,6694.817921010433
32.23106247747526,158.4587618259514,7.284500475308057,5.799750799638735,0.5813791323725366,102.16335131425924,71.85109700314456,36.82309688034993,6521.987063059937
25.025617245053652,164.12278521034614,7.0652590800750525,6.497537298808694,0.31523736085955595,53.84431145652564,38.12219607971403,54.88088348948904,5627.848995972562
16.574775489253383,202.4900495438675,4.210056002124414,6.8981562315314,0.5639982190874779,40.182732451537134,66.09164000268068,86.6539431895465,6217.716253434724
32.13472279063602,60.627449911943444,9.005439477392207,7.070832854638527,0.48838577901543584,77.70183115392362,39.470906540652564,53.15828914694396,5641.459996913762
18.4947367814214,232.35602307265273,8.453740574027231,6.221086110104921,0.5516797299791112,79.42776586961875,28.520475836499486,75.87287513027107,6312.3968075600105
22.542469736067893,83.11675770248812,9.979203466421401,7.402092818281261,0.23297114993975865,97.75879342436536,25.32858384067438,32.190668351276216,5311.468292853439
32.631504290528966,212.26343679451588,5.0377410069899025,6.1035291989428915,0.4918143890772851,110.50420428427685,38.59440014420589,37.6480268445093,6098.489118991795
26.032577989899544,123.94038534931869,4.038126330305936,7.237372847805426,0.32694691680360144,73.249855317925,48.00706130407468,61.4332868984617,5603.456953236169
22.097214995045803,95.10390119700378,7.706827410543922,7.032196742685979,0.32222871902141254,82.30642511495087,30.944347703312136,37.24437675355316,5291.892128984048
31.840402234032638,210.06857396765238,8.638845172488583,7.393292461914338,0.46096613912885825,48.782223532635065,32.15491312767154,44.55898941687505,5778.367808100086
34.988746406683966,113.04713587384401,7.858749013951868,5.717656998492041,0.3094798244395131,78.3383788641622,23.64395499736143,43.44203471915857,5544.528572601156
23.72851229651725,123.947934964846,8.758443652318942,6.633557752930967,0.26592813044117924,60.2502435670859,66.36011506505832,30.382415628076167,6028.997655704005
32.77569025420995,239.5606912525438,8.888072735163789,6.358963490188771,0.5975511626072476,98.5901194859989,37.81389137796573,34.83736834633538,6300.28294446785
32.71909378529282,141.38247062850547,9.015392508200355,6.4569097587879085,0.2666011634449438,71.8539359245886,47.43813699595273,77.68369584508218,6457.293954911178
27.732503918541074,103.02359155058434,8.249577037054065,7.0179639402918355,0.29282670217640155,75.60973836047323,24.879803775275562,48.04846015310653,5573.359243834485
34.83798145696745,138.2057678550202,4.505957536707101,6.613952959602777,0.5133966817282838,66.91484461736296,28.298435588286814,30.518265931512946,5757.352729085383
25.64020981413834,54.954121586654246,5.076812765231073,7.110856504540113,0.5204546148788671,117.02102658125253,62.62684689271754,41.79004059806356,6093.860969924216
16.078867413259996,106.9644701249141,9.668486438584232,6.047913646954195,0.50853667427206,42.81606482711182,35.56070932562221,31.547390966975524,5328.7356532932445
21.55078554702604,196.90732366728517,5.026856494539245,7.156279707328755,0.2037949392443622,68.77420735272919,36.45929223145511,52.90572458438048,5919.107170188623
33.1561944219964,211.34130618391282,8.719160490994485,5.53060712736819,0.26001372942892664,119.76293090339234,58.20048083942248,86.0475410168981,7259.354422263494
20.791960572210378,72.68586042629724,7.993135388521012,6.645501447182833,0.41827837860666767,105.02506191323717,74.34071766925118,62.94251969251062,6269.715487081198
30.524580927978175,141.43826364936575,6.105510238278594,7.169100828663299,0.2782614877418622,79.23528636313112,38.009542792810066,53.84459064256575,5607.723412323506
18.25834703067365,208.41120835431758,8.25423294640655,7.38878997414135,0.5219756386042966,101.49167357226781,74.61873189410946,69.8134520477879,6870.851826716801
34.62587942150478,202.41404891566734,9.101275026930107,5.747125214836721,0.37012132484398563,65.39336021842502,36.987253191635375,42.13579158239348,6051.164447178616
24.53468067787586,178.03773568796154,4.932110555817695,6.478856469172603,0.4594182650826633,114.03775358883111,66.98076822104176,77.04442147776659,6743.250786316792
21.680618053658133,61.503717944403036,4.3587464995435035,6.318809072248116,0.472422060484193,64.61587022608127,26.929434850800526,80.5722802059318,5345.665478266314
31.654461178743784,196.64466710516584,8.704517243467027,6.181245815674231,0.20931287498414874,96.08467220051813,67.81861631330234,86.63104734991879,7101.575283807155
15.21672549619476,150.48231231183098,8.96764204682841,7.350637090759836,0.3630292018582547,45.040704158770396,78.97457837810137,62.112009443147564,5765.274603779123
27.407568337755965,134.58983132220177,8.500635829426667,6.4399649696762244,0.5792715228562175,81.93108079001377,31.310607550074057,37.468271144721534,5752.060779932287
26.029447359155682,87.51185205110798,7.313663246224515,6.764666386639021,0.4714205272227595,70.3265825784865,77.42567358155284,39.21688866115249,5655.840500075875
21.228829991421847,90.8363518563023,4.933557856472831,5.919581637660191,0.4625043086592433,66.87306197005215,40.4613677077046,35.50411510850496,5126.99546115445
16.49190161207704,225.8490985351034,7.901267520306904,7.438160456618552,0.37009864505027357,110.743547912974,67.78817012178982,67.50437900771212,7182.6035368209405
21.956023107821927,227.54646678610834,8.601317779152728,6.3654156460219005,0.5093240797747056,113.19117482506216,32.82055469490291,71.97149235456004,6845.014979194795
32.773228388491844,80.29817901173406,7.192235640103407,5.9878832601764245,0.32525726010043293,72.20355450145594,20.55309022371842,59.67835343224409,5533.909226601864
18.872762369767084,220.12075142353655,4.769118746057481,5.580028567739417,0.23947485242841046,108.47490957469824,38.51735222448452,43.88147967154812,5920.054896510307
28.290177854031114,91.99097319770482,9.035195399264493,7.416561310681598,0.37999960933490096,78.98765254822206,21.20599772449948,32.37624233911647,5484.945081174627
18.0877886570949,131.0556696682559,7.686018473636807,7.315951667457903,0.4350813264825281,81.3678282238105,47.929912215129036,68.8359745171555,5588.999522896251
22.28127427282683,98.13424140428924,5.697336348425645,7.125836419504792,0.2654666543652245,57.753268327035045,73.73529726088299,33.95670504772028,5396.639785936912
21.704927890853533,52.60569696491009,9.79888718897034,6.095601594449683,0.5281253195913942,118.93926746229376,47.156092369175994,86.24258595557032,6354.164239966844
15.934730654267444,59.190211273715796,8.608498359539391,6.0085134601686425,0.5810104482416878,40.71699197634948,24.64633198658168,50.24456186689511,4420.5391480874305
19.615328152111932,208.44679490585958,7.21631823045444,6.7177399182806665,0.35814719801352124,63.90211493730165,79.15032174967135,41.13533794331944,6486.2523012502625
20.216014981616947,215.41604078757828,5.549934614474616,6.562815459485328,0.3348390798812769,85.77515315023504,20.158608324954027,50.143851036714985,5897.140575840568
20.248978230638812,181.8309588063674,5.096186443240867,7.492620300427722,0.42876879785306765,43.200721765281365,32.69120812291154,51.470447081106386,5382.4551800593845
29.904671787017445,169.2579845635958,6.2601935327809635,5.918103369989731,0.5682985637853653,112.06410553140034,27.95155316630057,61.871315129286806,6153.217344309334
22.043587099613532,243.79574926696196,4.597783577296535,5.973227921757099,0.2105071549191486,118.20342049473646,34.47089947659445,43.965100984842984,6553.3442501799855
24.608748546408286,227.21508169561216,5.136440951535045,5.9203822547043865,0.584117764405103,40.679808621577386,29.11351886854086,45.94893770515435,5589.783700031585
18.76428416947234,131.69088053608453,9.769993389261405,7.087407244880323,0.20859766186414042,59.26020762885273,62.57850452336127,83.63524591978353,6172.037295568311
31.093167375765837,198.84193573075126,4.050421378868951,7.088694944961379,0.527583453458871,110.06930081350416,23.249929174105,34.82912531328806,5917.133913206567
16.52758427149848,169.25919075040485,9.523106621568033,6.94873307327915,0.20246839198863845,100.79027280428582,42.86540975209773,36.670536198173124,6076.117578774791
27.917857538060943,184.63576294817148,9.179388322149997,6.695894805922997,0.41659006948028543,61.10075902740949,23.825427868081956,75.56517859739068,5960.889176566144
17.894789459500966,190.13395303790583,9.31070257878413,6.622975042938698,0.5560426066001665,97.39207935323293,76.08685498462417,38.35122275249225,6753.506672545809
28.38969834457364,175.9541194578852,7.339850170592202,5.54207272198245,0.32294874719106603,43.06536124553736,27.04720046055995,89.85406666283066,5765.568742335456
19.94014951118868,58.70412289902569,9.671313227318908,5.982630621476719,0.5234521329275816,61.05862172210308,61.14282348515448,62.6355645375019,5366.099897702186
24.873088839596015,193.82924432419762,9.833737176927723,7.224938904170575,0.5579980208615787,45.95343237926939,77.98730113355555,81.78884269047981,6357.196887655262
30.569161551607795,58.27920929979429,7.122810482444808,6.65351011822234,0.20527529024329183,86.59788393699358,44.5652810384488,34.73045924605187,5755.184546278985
17.777823873547927,88.2372568390958,7.4113723653431425,6.221473148475935,0.4842708326907064,71.69158665925688,50.4309388462494,64.14602110130531,5604.3832171521535
18.79113388515552,232.04226295023875,8.167375444544215,6.015159821844528,0.5760171651846023,48.96856941175766,33.412969748691154,69.45850736260293,6022.613261240791
19.757067629583148,228.99635306157631,7.1612766405076105,6.739531187636893,0.5523786534325684,109.60380659302983,21.92692588120731,60.25422220007275,6523.739896638258
19.366777765080133,243.987523925445,5.0234883300826425,5.9264214741407395,0.4791373227755949,67.7531740338234,45.48543286863398,31.108313734238106,5687.478226331679
22.979750580935182,65.05361529396652,9.629659159240097,6.276061888821505,0.21762092512139533,95.55905683935043,46.68351545523181,80.84304684955111,6096.666062091968
33.88835298867244,118.36244679696075,7.804025169872664,6.049752206153803,0.5554828126189769,108.26441332393867,21.70710440137835,87.7579668544482,6005.192802348113
19.275526166669696,68.32096760622886,7.443804979172547,6.08767448294046,0.5857029052368983,100.99105470767827,69.8441936473358,36.23659362784606,5929.9507693784035
20.510772322114178,206.03154250670818,9.437713126014074,5.766739269399988,0.4944625501413044,116.14653573603864,53.003917022583586,73.72824258843178,6734.273986136997
23.14892739663736,157.21826820772645,4.6542232372458034,6.4475968588826715,0.20161213739661543,85.94518280761486,29.50226616655004,73.7258345617887,5732.952080970815
24.14180519473615,67.7917159275519,5.330280613150859,5.992334591032697,0.5321826238978916,74.97455712120217,46.14978988212057,83.65435504755472,5774.827788299544
23.842460242871397,116.02557194494626,5.764417126973327,6.270358495677665,0.4243657822681319,87.30047274931542,44.71492937810008,32.09008689675718,5401.740878998336
18.436078568554212,195.30829961960984,9.239202953542058,6.274096729977748,0.2393395078696807,62.83942363446325,23.174949676135775,85.5243410841245,6206.12450921365
20.01455784280641,152.16877736117982,5.7147265971829215,6.743475076691534,0.5590148806554228,65.08067143492363,70.24964888668828,87.95913512017486,6098.526358875988
25.96235187983825,139.62557033643895,4.519983661040718,6.2501390132215064,0.4258809504486447,61.303438531589805,40.682376414986095,36.670188875715446,5590.893010434662
28.084826093516515,124.0853437842653,7.244434806122277,6.908677764044432,0.3928696092908651,61.6863643676076,29.661580683285344,47.2541837093809,5766.529766955562
25.73166928478031,75.5771078329434,9.980951020540324,6.896372822692414,0.35002033446367214,92.14250374460633,48.066298745137544,59.59255207072765,6197.730268714016
27.350039920317496,68.5876573949518,4.685777598147623,6.4687105392578275,0.24108056971691139,116.74870924332119,45.626208885377885,52.327759701353166,5820.433764291162
17.71331950318009,160.8401623734128,6.616984958012848,5.772810541251371,0.20778555837940813,58.49519692061139,79.98245160842171,71.57164228169358,6218.382297470669
17.91516599274312,230.11928253562402,7.041678741250901,7.49239259785159,0.2910161491284562,98.36194461333875,60.33069505625072,45.24991050898052,6279.154722722712
30.384768012908474,206.63782191370285,7.42607272860094,6.398320443622733,0.3438726991446046,54.59813191974071,56.72454406593209,64.89729301170144,6222.417291626516
19.225158569801216,211.52125063754085,5.038611806954449,5.797420371554373,0.5645336737667463,51.94764314421455,68.5748199736764,57.733813930400245,6273.7553568403555
21.344948900208337,114.43141805826667,8.431937383904852,7.223138472604133,0.5849715945909548,86.12300187866205,58.24144077022977,37.249760823510734,6204.295725376094
28.118520111570966,66.5727338975523,7.380572428425284,5.750738157547467,0.46790854875769794,102.49883484818491,69.9995164605831,60.51697568985668,6031.402222591259
31.563909710265385,237.14776752332853,6.549338924399874,6.414882691445547,0.4842694988540425,54.659585204807655,32.529239794120784,35.981726700924575,6063.912475205261
27.905217030581163,184.9834190864408,8.84983086179516,5.750965662548387,0.40277904625146077,43.43530249298081,30.87136269360234,69.3463301767177,5902.541095054348
31.70198890501261,117.85979654077907,7.474304221699432,5.825273676411254,0.3568345219781647,45.32047433441505,38.95814241264282,79.33280830579851,5700.799863162593
26.13133710334808,213.15547365584695,7.1522507869436245,7.432582960710336,0.3984131589162013,110.32101416077832,47.220244968777195,31.350237798417822,6479.876624218818
33.18012385987167,169.245876281466,5.897581742163227,7.453221145622107,0.2955193848456431,107.97911674201396,76.09843636167174,68.85615335679154,6680.7285330507575
22.379335310161668,77.67278059471327,6.933875039606435,7.42750697721439,0.43937038123727173,80.91703065350329,39.233090196766824,48.21992518765827,5417.3487988522
26.143090569567807,168.3090646278791,6.732194454643735,5.742289632068093,0.578243673594458,49.676914610053124,56.15194840881091,67.60769961309896,5698.573581493161
33.38871611053726,63.45078984795187,8.61627993080866,5.930720897308534,0.406769092429817,47.59901880418461,29.658921493512512,75.9169529299975,5504.280388788505
30.25277634782817,234.97916781699186,7.564587677263493,6.293338917466675,0.3256734999265669,57.11213904658396,54.77992236381988,71.77143217376502,6721.097405690263
34.684811335332036,200.47999854048396,6.209298651776185,5.962472430312905,0.24439016304587133,67.75450950187178,56.60692065926469,88.44026875653233,6582.860639027929
28.570845111972275,56.64219129423902,8.418004331197245,7.037773575278372,0.598515299462261,55.6581749979384,54.94372902032483,62.91490254581638,5937.923976360958
22.227624995983916,214.65627076906566,4.518236145279482,6.480174145545228,0.5592351023234303,108.72400880432922,44.419272067200104,47.65530334119583,6307.662736510911
23.625914907121043,159.0563690418916,5.1391354901599255,5.571420289111645,0.3411780229360412,109.80858372574326,60.08405615471338,42.82547304952911,6206.982216934523
18.709825312589796,151.5410661755103,8.180732143930282,6.712701173222637,0.5069969441781871,105.03760884618139,43.167757455919634,69.86339317281606,6337.176312802303
28.141916241599112,247.24993926862408,5.238673893470798,7.395358531111154,0.29265710684304663,82.96229099665263,68.75131380899617,69.85284249476746,6777.1299298634785
29.000389003225376,228.62300856352914,8.979687310312057,6.941676308099657,0.3629612891588723,110.71045510713563,39.41455059601577,84.33813757025806,7101.553791104092
19.504244369575332,122.67266870430072,8.938880537748668,5.68593653002813,0.3729606921450761,81.06965849883616,40.807758432399666,89.30519089100247,5987.1252097051265
30.40000304765465,56.98791370870908,7.855457746668525,7.175860626796589,0.24403137745348982,64.36575087934233,68.19545087033165,79.68461869468064,5956.665362609528
30.407206187652534,245.60407232669402,9.023129953924105,5.801407446549733,0.3918101790154779,79.26173097743319,41.559735901565745,33.35537689352585,6768.738633126801
21.602805346939547,177.3343419007092,4.37250664115037,5.849345541161994,0.46301055550719783,82.85219925225653,51.27158555843124,47.70316382567991,5758.996426661074
20.467538568637153,168.94558294460472,9.873130147888403,7.273328398411811,0.22567925442573725,76.10631210293641,48.71362822983568,80.55371170589638,6068.6553736759115
32.38322701581936,134.95437324091353,5.778933292130379,6.234558910338805,0.45459237571548416,49.17721546467497,64.62190154154763,85.74835293207563,6196.4187489524575
33.12332679695551,126.50422717329029,6.211464758118715,5.5355033076874145,0.44975030682016953,66.05992980534164,23.166101071653436,57.87212768794747,5612.214880892747
27.90708702497212,113.84011049742959,7.535464221960105,5.636618177865669,0.3646584479414329,102.84918754626112,68.51589909470388,69.60067854399594,6478.782540619264
28.12691465068366,52.00435503597838,5.395557559110964,6.622259059852655,0.5081542542480608,49.124141364672546,51.33258480309752,88.81483007077983,5614.81800191263
18.923986725304207,61.928166859628476,6.504380756901915,6.36537741796326,0.39711018072760296,115.02704821431226,35.64946332997672,78.85527164540764,5865.561579350491
26.790196824521736,162.57586790438444,4.102408028452876,5.916768921835227,0.4234996595588947,87.82162656149883,35.717607633336776,45.05857955887697,5625.998756027681
23.10115287923412,173.33707347557214,7.470687680229018,5.805610042439174,0.5510786018183702,56.298601837721456,29.441772793585358,40.730873275513,5441.434938170859
34.07245467292393,245.36521501893583,9.789288011081272,6.231135165869993,0.2849619360184826,116.94678467510582,76.3992390054255,64.78433772681956,7745.091443100679
18.401549881358623,87.76771786717734,5.8974910722863,5.753717081405617,0.3915745495297417,75.81744922150585,25.407105224540032,88.31429296381286,5394.425972482385
16.654402939244136,178.96676612425048,8.68584172750306,6.971401434020975,0.35167726080057593,73.98711036037741,29.792373945032107,32.76757044265849,5454.082498747073
27.063951606215497,183.56886886263018,9.70466113675602,5.9404163878413865,0.3831185600709788,113.39413928553356,37.0371383112537,74.57233883158949,6692.135265490682
30.49642385330641,77.05012196590262,8.512046586444631,6.610681834974086,0.35889681476303265,106.16381508748773,36.71360785044299,33.03561175466717,5894.053039486028
24.708514020626406,73.01381795930584,8.705550955372406,7.231686097923749,0.22543742133435185,87.95750324319799,21.371698713750913,81.06551153903403,5429.634249239736
34.603558306041215,128.7682787351996,6.745968801974909,5.70240390587614,0.5849749816897027,78.82222415578127,24.10350106184233,73.02591721445489,5862.649784997068
15.90584887721483,187.92618253563035,4.095072184888432,5.851766812955905,0.45092051000019057,63.36023296846036,32.967107682601565,37.21649975401823,5326.849022704162
17.494288925000806,122.91178457514742,9.973476208250498,7.2388668651414365,0.46722155082694133,109.72555454293524,24.22707528463656,31.74392316039922,5754.080758397897
34.60849409197836,78.96917320485841,9.20503742547262,5.84467198878362,0.5421216584642656,72.75170173298594,57.639937444421854,55.798453435181685,6113.863466374478
24.425023822561478,88.64484487124096,9.920664277477814,6.041806653139665,0.48346729649708003,65.91355655766179,55.590603426238104,56.946716206287505,5968.3608230097125
16.326489638271607,53.48351501374964,6.784218003431489,6.722810158961403,0.5674216228867361,117.76378183368843,60.10617294695904,71.11985274557898,6145.669819061398
21.56866779252593,171.07863096885868,9.090722267390692,6.503668089152466,0.34764200948279944,50.31543027062022,62.74656091014678,44.96152548232698,6086.366500214183
24.9441248413764,161.01723129680752,5.681437150937717,7.203444284225721,0.5438701534161401,106.12948891813572,76.72261670708639,44.38002478427753,6125.658569961961
18.132489034467415,213.85953467860622,4.942375821182079,6.297776175933425,0.21091635048041898,118.42842625095886,46.111487869249494,75.17735694063784,6506.434702340138
23.717548910027794,208.22256546081766,5.042761204172374,5.519997342632819,0.5373642492983888,108.3496754814544,53.60042831437567,73.2876451762509,6610.888918131881
23.51260216383308,173.83059984342685,8.471544892206964,6.088369298483604,0.5523443506829604,87.67632356666064,38.87227643059097,67.76385003732857,6010.117782809805
26.83214490573188,71.71255083614318,6.768729931965005,6.3209275007736085,0.2244130630632383,96.34791384450841,79.18153540495211,36.45154353390532,6141.411389251518
29.398059812297895,76.81858509650525,9.790527773479038,6.620295420101753,0.4432506426733662,87.13345137541543,21.778408271863675,59.38457974726765,5724.799478701033
33.34700549913952,243.22179579339158,9.778506622624459,6.330791124109967,0.3381005668076028,99.4487145146806,64.51004741279178,74.22496627423911,7105.400457956952
33.104723774100805,92.30795753995127,8.117960105633069,5.99346627608214,0.3350529760179201,96.37533181286165,76.97178824051718,71.30477983658598,6327.191689852258
20.7599478810755,215.87817218934538,9.56271354076504,5.584717925719174,0.24002258896378348,82.8350784568803,75.36452793349333,79.46269931191259,6592.322291173152
29.47744725056799,146.2542920957512,4.688496127892753,6.037482054874277,0.36659033651872747,106.8600442531544,44.77337413448315,74.19112098367911,6215.018191578067
22.480363769855657,125.6632564921558,7.316815208760638,6.953305720227219,0.5812423073132653,100.78325310360617,71.45888238300225,74.66509780241154,6452.762780503996
19.021342575545198,206.27737806547162,7.189245652807556,6.02645547457729,0.5905736422625174,104.52831676400416,56.84046119972656,54.84105514436439,6797.196972258005
31.976936786250295,198.49486176786357,8.561974628564275,7.288953888993959,0.44545148674031787,69.25224049658338,60.035727956250604,86.44284516758108,6579.610844909422
18.437810552946146,148.51116426130568,5.186340258918669,6.152229279715248,0.2160548162139048,56.055721329150884,41.71723798952816,63.7984211346223,5636.389905344633
22.629141683995243,60.08526311986013,9.924298381834866,6.68674557337557,0.42575123065346054,111.57580314981007,71.08225868426953,54.06200267903381,6532.01759416741
18.752734551549196,58.67243307698928,9.614800228974257,5.60822888977311,0.30821866443362417,77.35581106544842,59.560295311606254,74.74271160438066,6085.182581336642
23.653436624485728,128.09683646589815,8.140748726919076,7.0527821410930915,0.34437718153794694,70.47090862110416,71.63218347194027,86.53032316965565,6505.759266623612
17.200329473734794,180.44258160253804,6.778342280656946,6.118714684262237,0.44311383935881055,49.950496303293946,49.347907752084524,85.02171924745713,5802.477672225543
32.804728008733065,219.75284365458555,4.437043348537947,5.75335899973214,0.4925794677125334,60.64763633787216,68.059157868618,87.19714839756399,6917.897554457006
18.672281507762424,118.17790330357877,4.235479457935826,6.896885594372497,0.308318642730863,93.91687413623782,75.62623776340354,64.94250916954053,6467.96576554158
33.01276840903327,181.99213910969937,4.277467471453186,6.408356800995307,0.28449532237921804,105.43104282047327,38.19799815414828,55.799030402320106,6584.674616581305
30.495742842162382,75.3969099564059,9.136246777506772,6.464148792659799,0.41776687658818856,63.129973580254074,48.54631821549191,72.64642189849712,5883.716155495374
17.577871797316806,163.4447989786416,7.347414200095912,5.948605746493248,0.3012629135629775,46.01618765589918,59.90842309626091,32.129951046156066,5389.378767839213
18.376461123559956,62.0337977921825,5.847499630244723,5.793650331659055,0.5895464540264121,67.59670508371312,49.920549992253726,63.041355006661455,5334.736308055909
25.70506092678174,138.18865882919204,6.729725864241527,5.823713464276569,0.5431327256131552,119.83314885340725,50.35340134159609,65.47701270494954,6480.679581400891
25.342137874403186,247.5797234313561,8.952333862625887,6.52683199708085,0.35330960925565336,115.02703838875587,40.75643724158026,74.6378319612266,6972.101244794505
33.5139524787168,203.89807180969365,9.364123589723636,6.612410121146019,0.449608701926705,94.3603608992193,46.98643869717063,36.63889918229877,6772.255809312448
28.1129714199135,150.55674958336584,9.1835666939403,6.948024694294955,0.5859518975503619,44.396757825813296,56.13710317265937,37.95739844413103,5593.908017953192
17.321234521787083,77.26479972524938,8.137780470891837,7.141399224887236,0.46363847081257964,98.17784747437042,29.923937832469836,73.2808620605251,5639.50487418674
30.251265441299356,206.53385462997124,9.35104966565453,5.630312392582543,0.4643112386138887,59.71766844687483,20.593784632750474,61.293007675992015,6030.382929253835
33.46219695715705,179.32106838522785,4.372658694788352,6.84848058790829,0.4555210743988563,79.07382018136356,72.50686585888596,36.54073951535172,6262.39015207086
16.083498192457313,167.95744014282826,9.86674414589397,6.984254969210147,0.5321440287917467,104.51789940184368,60.320176539991714,39.372032721100595,6323.858804728304
32.796521795141274,142.33522791686323,7.967247024817587,7.206246804156848,0.4718038021841171,89.06491605902116,28.809236822593327,63.71864872727386,5978.82684435361
23.851775336797168,87.45019846543187,6.4968091800078245,7.222072069674797,0.2282166255880109,61.30741775626816,50.072424431867645,58.90288668712945,5642.155376595069
16.7728026046302,216.4931957032026,7.057465391725767,6.231853292577919,0.4100534334918108,80.5189590139778,67.80642302056815,83.73619429927004,6671.13902235038
22.72348611416212,97.21523224925778,5.921788929517292,7.2980783785620424,0.4115250417951079,102.68277630598449,46.3044482487795,86.46220188429317,5913.465185622691
22.494682951712857,156.40533839329638,8.221217864953713,6.524010086468324,0.5203277946861322,110.034985048571,62.026890168948924,68.9459240164912,6590.409980230648
20.392631804095025,51.10044793717352,4.445366087299616,5.962356689316625,0.3328232601519081,54.86247334407221,27.854901698486962,37.968336500997296,4703.949344686761
23.948757490248664,102.24870233912115,4.279871054212224,6.829777950759493,0.34619240685121777,77.57994222876286,20.486757788673643,35.9693505725616,4931.93685590247
25.438773472442367,185.06638123762983,6.14546875895171,6.707668934022157,0.267661489845438,112.40831561866769,56.878636736118374,84.22836275473031,6795.003414263955
15.320576600324712,135.85978444885083,7.529411902577914,6.8200216061861685,0.3850452029032284,102.25754655360335,34.82511677334424,65.49502281448872,5958.643622954631
18.958545250967806,92.10044549403645,9.773237594756806,6.16786666734789,0.27134986638556613,96.91933727856254,69.0211168338669,81.87317395586666,6519.515098164092
32.23443115268312,115.31742857246827,8.636172133935919,5.713196896457984,0.5398226470878715,113.1590119774487,73.4183666584976,31.784486920910673,6528.851138209902
28.85491273521109,188.32589346049744,7.123781524835975,6.968524961065967,0.5918414385853759,86.79363018499276,75.86462969837838,86.8327641319534,6969.67025737921
24.678621327310356,244.34838522815954,9.005056005616108,5.77758248862442,0.5431005414511472,118.9582696250802,46.09593124243008,36.364794442519624,6696.2658532195655
16.134192769442585,101.44284795189057,4.1291237140408725,7.377386753541951,0.24177439100746959,53.67612714975103,59.39692202774613,39.173115617020116,5244.830270216026
22.40731967020861,61.05813393952218,9.305420079816212,6.162919850034965,0.37211122540334485,58.10183606869791,73.14449164883439,58.795512525510134,5796.042808544574
26.111384218103833,249.67763760212412,5.5348422794749474,7.295539989771649,0.22910301447412232,89.2233533099574,50.49462234071349,87.65714489839235,6751.59392800861
22.210037276352637,123.18225363856621,7.674210363012426,6.406718460870255,0.3569971255312523,99.5938951554615,72.83772836354257,62.19429504219906,6314.779740703978
28.729392968689716,104.49096800117563,5.751461122776957,6.941151451449292,0.29704354726086746,55.07335767282106,69.20010483829529,43.91204878930093,5674.27758652016
29.475498900412013,100.38408372889079,8.029336852688392,7.324014228786016,0.4817674328765779,65.77529659911121,20.359653220253747,77.85494643285047,5756.335953347995
22.384334407962157,123.09119103125006,7.762578427712514,7.455596176389237,0.4691824899804791,60.3288932508952,28.70576153827372,88.03145519764644,5567.498551263447
16.73769009737717,118.2513788462878,8.633929889736589,6.215226874292009,0.4888062381988449,78.95563040421497,62.89483062881688,88.27303403462349,6234.184512864482
30.442552098790706,130.8679312934405,6.586223795109843,6.508208994114906,0.3341471001947965,76.87326543981051,71.4768574548144,54.67082022882707,6288.0107439930325
34.73832565146426,184.0513946317489,6.927664609592357,7.197099546462103,0.5211349044933502,60.277351392147544,47.12869261483394,75.47140150792407,6436.051873375449
16.354498057531032,70.53556783427626,5.886216752576121,5.612856486648722,0.4173280597559265,67.63077866781973,27.45109902011769,60.994679693516865,4902.07619113091
18.587204742714952,51.76482426910678,7.962062136372842,6.549233095691733,0.33969591066740945,111.96901571529733,58.45512291967798,79.5736206338997,6175.975696726866
24.254573480046403,105.93811352733434,5.8162163365552555,6.343248913467164,0.45842119226387396,41.9947382904635,67.71959719403416,32.691909355544695,5395.964019358942
18.307097740000714,50.56055620511775,8.33318684134828,6.7816611694469735,0.4565321401332458,43.851833027925764,57.243456478567005,37.36341803856661,5123.1936977302485
19.540374812245524,190.1152948911456,4.176740246024311,7.168255305973039,0.5313123187694555,56.3985026478618,31.886251488754425,87.35722548740144,6089.73947224601
32.223681597920105,137.66337827607418,9.644241321517402,6.946361280803933,0.5147052949004662,90.64216461182345,44.30833404466237,33.91154598393783,5927.701217843665
24.25362904669001,183.30571559206044,8.012081051573674,6.521823151068476,0.49440849997173725,77.69707905137494,22.323829624574177,66.15896206220145,6022.447192643872
31.52628362140248,68.19411157438287,5.847142228903765,6.8895987918138415,0.42364329775842097,107.0883215329602,46.05800556209673,56.47742292842546,5880.851136038687
31.131874929951145,194.9954209433022,5.002351918264756,7.010806848364712,0.34573038141293144,73.58780042614623,43.40878339402734,32.1275088972911,5783.108223051354
33.284242030732756,242.40199353431723,9.906982369469942,7.079434116816254,0.2958913687881842,107.1730071690798,67.98467507713434,40.1750213510274,6963.106192161319
26.63790509728941,202.297659040341,6.345703507142073,6.715812514543094,0.48951043034131786,40.59031036740937,66.72615939259677,38.89616649761017,5741.726750758128
31.8008050761649,146.67630829769075,9.578158175307667,6.502118645389361,0.36675083977913475,69.10739385167419,41.76156453914942,57.730396134843346,6038.609798595657
17.70779439538297,231.31450340292415,7.41329662217561,6.170297141835696,0.3938728280600179,90.21073337647084,75.57166365027823,71.11984414463996,6931.182894646081
32.528163747128396,92.13226210583213,4.985449697366693,6.27469349338653,0.2801426194292396,44.42926946934076,24.17641595352203,62.7319726865421,5247.283314064236
19.7474577501567,178.91068303402434,9.262433854881811,6.386759785255837,0.2352524186731635,74.64399029910436,34.128115313571925,85.84552366652431,6479.483469087271
15.721019429981883,86.07804225662991,8.369881446124378,7.003712208780334,0.25443879427280297,47.38805211102307,34.47665686417883,32.94900207206859,4968.247753151881
33.77011058467359,232.45404021839707,6.210326539686933,6.661486014037263,0.2197165944139178,97.84246781516924,54.725234644584624,47.26669005114604,6887.447331912359
24.647805398282344,213.3481105492087,7.482539395100056,6.621752547642889,0.42073604595289704,75.90631188749629,48.49667654745427,55.44180886220343,6390.913736494872
32.79443513753928,219.16490407304852,7.729359663765067,6.750441639065143,0.35095887950221655,69.55575110986632,25.04789045847799,77.87911979715591,5984.004171976821
34.40882477514367,99.30893146669699,4.82034885942033,7.435412804512856,0.22720905852407025,95.95131891435004,32.547485120140976,60.90690683581357,5796.803139180106
17.67553917752327,63.86643353121413,9.779799680917312,6.862298289892907,0.4570578673527616,73.3778770695433,44.23401081384797,34.39198898225315,5462.334260993861
19.019038360432432,130.6486551983867,9.960756364425073,7.336786100798826,0.27373675947438103,67.0166248985351,51.950596224979414,53.90618552307117,5737.183289149949
18.788647317144772,92.16208904893998,8.165667100445088,5.981650730011754,0.5674135005079602,73.69578189287014,29.72398222548221,41.69751563516841,5215.797409292112
15.383628214410358,128.8658817395193,9.947174395845623,6.9362276074242235,0.5835195569789184,73.0661027901965,34.483845026624195,66.38716721314033,5766.641252103663
19.128259134110117,215.29318902814757,4.779519610429821,6.924207267015753,0.25198999893342816,108.70841429740388,57.37087373996156,89.58907186585841,6735.201790702385
30.19113998361087,231.57362184634925,4.335120515820515,7.459569670459654,0.40998334676776715,44.72851788286967,58.71258029942907,34.716585834792916,5914.168464688579
19.74136884954801,111.41420565676547,4.748921115388109,5.625961074985742,0.5773859616762838,101.31811237351945,72.63326941022986,76.07467147574108,6220.607461215863
21.382092161864406,121.4568151060249,9.27141185620972,7.0128738929893455,0.21192443249050164,85.92551095701128,59.1031173345928,55.32880906887338,6455.336000020557
23.785963196931853,130.96137361850765,8.056012016314757,6.307196164919599,0.4820441398316493,66.51703351684571,23.471673680305678,34.49046783572094,5254.514792427125
19.434177547222816,73.37087842201835,7.772222957067377,6.192534127448542,0.29275804212570955,94.20126878316069,33.32507654421875,56.500329998060266,5498.058688986319
21.099722352166264,236.84657004488722,7.8725617462633055,6.7230561340253505,0.3747877541806241,85.99691847202553,73.06464750804855,48.89157460739648,6857.539424855543
26.563623944251148,59.21042649327994,6.747622464774986,6.637919115531032,0.5520014051608201,45.33299195906898,69.58240129120261,38.74515162769518,5434.953886417442
22.14783578082932,115.03429671442234,9.396723659569844,6.357347934173677,0.4128317655421261,91.55162047997761,35.03066696970715,69.16224724307985,6132.803995449147
26.90868846021928,106.5698914773467,6.748907840095772,7.315646591741073,0.5514969462666612,48.36550013956298,72.69104828921189,65.71594562427892,5676.35816550208
31.151676323355698,138.36024494387658,8.0807838424393,6.193736016318335,0.5362009727313544,54.23066290218116,55.32740222662489,65.11118355142176,5918.843376078628
30.996855704287555,102.13983184458513,7.391466092224735,6.289110871248276,0.5358849164508042,74.02961599373225,46.59452408819264,44.1694496085718,5864.801272830118
18.20813643989858,123.88820263690855,5.834912818211322,5.628196831747298,0.20052362760634845,43.43648679072554,64.01871144817119,76.09572316083333,5605.450275180987
21.58196397498859,233.65845988782192,9.41292285378674,6.740794344226979,0.5506791523070356,56.86590035302651,23.99710600685907,75.81988682760243,6126.8716031059685
16.885340908389207,118.72510384965213,6.767153075233086,6.358868899288451,0.5065076198570468,91.4705632857325,53.43374659305765,52.43421685486327,5855.114847974773
30.75500126576359,111.6918039634524,5.684239245986604,7.24218487049336,0.34668682395500255,94.69489866176431,57.78481242002256,37.59704562326018,5850.921485856568
32.60592939430892,100.37186200054768,4.843805208231159,6.428832760745766,0.5262706619398422,66.1698839385651,60.736934211105556,77.16136762770718,6325.304037796534
22.890699478329587,82.50271139976329,8.625455360926672,6.061935620641098,0.5094901537242711,102.81152461891156,34.92810177161399,83.84531781498796,5776.378079028961
